/************************************************************
	학적과 수강신청 실습 데이터 베이스
*************************************************************/
-- 데이터 베이스 생성
CREATE DATABASE IF NOT EXISTS `enroll2026`;
SHOW DATABASES;
USE ENROLL2026;

SHOW TABLES;

CREATE TABLE SUBJECT(
	SUBJECT_NO		INT			PRIMARY KEY,
    SUBJECT_NAME	VARCHAR(10),
    CLASS_ROOM		VARCHAR(10),
    INSTRUCTOR_NO	INT
);

CREATE TABLE INSTRUCTOR(
	INSTRUCTOR_NO	INT				PRIMARY KEY,
    INSTRUCTOR_NAME	VARCHAR(10),
    AGE				INT,
    GENDER			CHAR(1)
);

CREATE TABLE STUDENT(
	STUDENT_ID			INT 		 	PRIMARY KEY,
    STUDENT_NAME		VARCHAR(10)		NOT NULL,
    ADDRESS				VARCHAR(20)
);

CREATE TABLE ENROLLMENT (
	STUDENT_ID		INT,
    SUBJECT_NO		INT,
    GRADE			CHAR(2),
    
    CONSTRAINT FK_ENROLLMENT_STUDENT_ID 
		FOREIGN KEY (STUDENT_ID) REFERENCES STUDENT(STUDENT_ID),
    CONSTRAINT FK_ENROLLMENT_SUBJECT_NO 
		FOREIGN KEY (SUBJECT_NO) REFERENCES SUBJECT(SUBJECT_NO)
);

CREATE TABLE CLASS_TIME (
	TIME_ID			INT 		PRIMARY KEY,
    SUBJECT_NO		INT,
    CLASS_TIME		VARCHAR(10),
    
    CONSTRAINT FK_CLASS_TIME_SUBJECT_NO
		FOREIGN KEY (SUBJECT_NO) REFERENCES SUBJECT(SUBJECT_NO)
);


ALTER TABLE SUBJECT
	ADD CONSTRAINT FK_SUBJECT_INSTRUCTOR_NO
		FOREIGN KEY (INSTRUCTOR_NO) REFERENCES INSTRUCTOR(INSTRUCTOR_NO);

INSERT INTO INSTRUCTOR (INSTRUCTOR_NO, INSTRUCTOR_NAME, AGE, GENDER) 
VALUES
	(101, '김철수', 35, 'M'),
	(102, '이영희', 42, 'F'),
	(103, '박지성', 29, 'M'),
	(104, '최유리', 38, 'F'),
	(105, '정민호', 45, 'M');

INSERT INTO STUDENT (STUDENT_ID, STUDENT_NAME, ADDRESS) 
VALUES
	(2026001, '강하늘', '서울시 강남구'),
	(2026002, '이바다', '부산시 해운대구'),
	(2026003, '정산호', '대구시 수성구'),
	(2026004, '박구름', '인천시 연수구'),
	(2026005, '최태양', '광주시 남구');

INSERT INTO SUBJECT (SUBJECT_NO, SUBJECT_NAME, CLASS_ROOM, INSTRUCTOR_NO) 
VALUES
	(1, '데이터베이스', 'A-101', 101),
	(2, '자바프로그래밍', 'B-202', 102),
	(3, '파이썬기초', 'C-303', 103),
	(4, '네트워크보안', 'D-404', 104),
	(5, '인공지능개론', 'E-505', 105);

INSERT INTO CLASS_TIME (TIME_ID, SUBJECT_NO, CLASS_TIME) 
VALUES
	(1001, 1, '월 09:00'),
	(1002, 2, '화 13:00'),
	(1003, 3, '수 10:00'),
	(1004, 4, '목 15:00'),
	(1005, 5, '금 11:00');
    
INSERT INTO ENROLLMENT (STUDENT_ID, SUBJECT_NO, GRADE) 
VALUES
	(2026001, 1, 'A+'),
	(2026002, 2, 'A0'),
	(2026003, 1, 'B+'),
	(2026004, 3, 'C+'),
	(2026005, 5, 'D0');
    